Channel Id,Channel Url,Channel Title
UC098LVIqMd6HQI0B0kWtLgQ,http://www.youtube.com/channel/UC098LVIqMd6HQI0B0kWtLgQ,The Taylor and Amy Show
UC0ET32qW9UZioyKeeirkBDw,http://www.youtube.com/channel/UC0ET32qW9UZioyKeeirkBDw,Nils Kullberg
UC0KfjyvabuE2J-RBC6ko2Lw,http://www.youtube.com/channel/UC0KfjyvabuE2J-RBC6ko2Lw,Mac Address
UC0UflzOybq16vw7b638_-pg,http://www.youtube.com/channel/UC0UflzOybq16vw7b638_-pg,Tech Time Traveller
UC0XWUhBqEIW6FEGeKNFPmLQ,http://www.youtube.com/channel/UC0XWUhBqEIW6FEGeKNFPmLQ,AdmiralSym
UC0ptp5KuvAJmp8kRV8dqZDA,http://www.youtube.com/channel/UC0ptp5KuvAJmp8kRV8dqZDA,Les' Lab
UC0vmyDdZGZipufJxm0ZYNgQ,http://www.youtube.com/channel/UC0vmyDdZGZipufJxm0ZYNgQ,8-bit Esquire
UC1ELUfyiYnQQhtPWBS9Dmbg,http://www.youtube.com/channel/UC1ELUfyiYnQQhtPWBS9Dmbg,David Zhang
UC1keARoicKc_qZnUwTZURhw,http://www.youtube.com/channel/UC1keARoicKc_qZnUwTZURhw,The Retro Stuff Guy
UC2-SP1bYi3ueKlVU7I75wFw,http://www.youtube.com/channel/UC2-SP1bYi3ueKlVU7I75wFw,Noel's Retro Lab
UC2bHNR6hCfKDnJSO2MyoSTQ,http://www.youtube.com/channel/UC2bHNR6hCfKDnJSO2MyoSTQ,Grug Huhler
UC2nm-uGpNLz3UBKh-URnZfw,http://www.youtube.com/channel/UC2nm-uGpNLz3UBKh-URnZfw,Socket Science
UC3GrRPAydgBn42lab2izBlg,http://www.youtube.com/channel/UC3GrRPAydgBn42lab2izBlg,AlphaPhoenix2
UC3Oi3oA33qlzADMX5fWhOkQ,http://www.youtube.com/channel/UC3Oi3oA33qlzADMX5fWhOkQ,CelGenStudios
UC3ewEwPUnReNd_mgwxOn9aQ,http://www.youtube.com/channel/UC3ewEwPUnReNd_mgwxOn9aQ,strager
UC3jc4X-kEq-dEDYhQ8QoYnQ,http://www.youtube.com/channel/UC3jc4X-kEq-dEDYhQ8QoYnQ,DIY Machines
UC3p13SucejUGwygjHQta4Kw,http://www.youtube.com/channel/UC3p13SucejUGwygjHQta4Kw,Kathy Korevec
UC4OPqfX3clJgmb_K72Pu-kA,http://www.youtube.com/channel/UC4OPqfX3clJgmb_K72Pu-kA,3D Printer Academy
UC4Otk-uDioJN0tg6s1QO9lw,http://www.youtube.com/channel/UC4Otk-uDioJN0tg6s1QO9lw,atomic14
UC4dqbTQevZb4HGK-NzGUShQ,http://www.youtube.com/channel/UC4dqbTQevZb4HGK-NzGUShQ,ident42
UC5A1lHOeN_AfJUKLUnHPS0w,http://www.youtube.com/channel/UC5A1lHOeN_AfJUKLUnHPS0w,Jeff Truck
UC5WFTrin8VTv397vQIA8mcA,http://www.youtube.com/channel/UC5WFTrin8VTv397vQIA8mcA,More Fun Making It
UC5e8pCKOcaZhdLrfiM8_U2g,http://www.youtube.com/channel/UC5e8pCKOcaZhdLrfiM8_U2g,pojr
UC5ojdZG905jCpbdz12tl-jw,http://www.youtube.com/channel/UC5ojdZG905jCpbdz12tl-jw,Our Own Devices
UC6biysICWOJ-C3P4Tyeggzg,http://www.youtube.com/channel/UC6biysICWOJ-C3P4Tyeggzg,Low Level
UC6gARF3ICgaLfs3o2znuqXA,http://www.youtube.com/channel/UC6gARF3ICgaLfs3o2znuqXA,Retro Recipes üïπÔ∏è vintage tech + tv
UC6mIxFTvXkWQVEHPsEdflzQ,http://www.youtube.com/channel/UC6mIxFTvXkWQVEHPsEdflzQ,GreatScott!
UC73RlLD-zw6GeXvcURhCYdA,http://www.youtube.com/channel/UC73RlLD-zw6GeXvcURhCYdA,tektel
UC7FRPWLwRlhORhFHHywfqAg,http://www.youtube.com/channel/UC7FRPWLwRlhORhFHHywfqAg,Mr. Macintosh
UC81jebcnijA535zPWGZn6qw,http://www.youtube.com/channel/UC81jebcnijA535zPWGZn6qw,Geek With Social Skills
UC85fqVqrQgKWa8v8P3ChMrQ,http://www.youtube.com/channel/UC85fqVqrQgKWa8v8P3ChMrQ,WillsBuilds
UC89se0BZ2oGeqN5jNbDAyQQ,http://www.youtube.com/channel/UC89se0BZ2oGeqN5jNbDAyQQ,Rixtronix LAB
UC8uT9cgJorJPWu7ITLGo9Ww,http://www.youtube.com/channel/UC8uT9cgJorJPWu7ITLGo9Ww,The 8-Bit Guy
UC9-y-6csu5WGm29I7JiwpnA,http://www.youtube.com/channel/UC9-y-6csu5WGm29I7JiwpnA,Computerphile
UC9caMqKjMbv-CdjMQUCRYpQ,http://www.youtube.com/channel/UC9caMqKjMbv-CdjMQUCRYpQ,Bastet Furry
UC9x0AN7BWHpCDHSm9NiJFJQ,http://www.youtube.com/channel/UC9x0AN7BWHpCDHSm9NiJFJQ,NetworkChuck
UCABuyATkdKM5jL_ht9WUMyQ,http://www.youtube.com/channel/UCABuyATkdKM5jL_ht9WUMyQ,Tech Random
UCAj0W7LBfiwB6M99r2-nkqg,http://www.youtube.com/channel/UCAj0W7LBfiwB6M99r2-nkqg,Ihor Pushkar
UCBJycsmduvYEL83R_U4JriQ,http://www.youtube.com/channel/UCBJycsmduvYEL83R_U4JriQ,Marques Brownlee
UCBiN1vrGGAev9ndGEJiMiHg,http://www.youtube.com/channel/UCBiN1vrGGAev9ndGEJiMiHg,Andy Bird Builds - CNC
UCBp33nQRejZkmujCMtnPJTQ,http://www.youtube.com/channel/UCBp33nQRejZkmujCMtnPJTQ,RetroBytes
UCBqm05Rtn0qsUUqSfXYDfdg,http://www.youtube.com/channel/UCBqm05Rtn0qsUUqSfXYDfdg,Billy Skipper Hughes
UCCWeRTgd79JL0ilH0ZywSJA,http://www.youtube.com/channel/UCCWeRTgd79JL0ilH0ZywSJA,AlphaPhoenix
UCC_Lab-Tj7zNhG5K-gVN-tA,http://www.youtube.com/channel/UCC_Lab-Tj7zNhG5K-gVN-tA,rtistic20009
UCChZaLN2svYJmJIgS21xwyA,http://www.youtube.com/channel/UCChZaLN2svYJmJIgS21xwyA,Riverdi - The Display Manufacturer
UCCrnCItH17W-64FDzjwOi5w,http://www.youtube.com/channel/UCCrnCItH17W-64FDzjwOi5w,The Science Elf
UCDoVSnkFnA6UhHouPpXWuUg,http://www.youtube.com/channel/UCDoVSnkFnA6UhHouPpXWuUg,Robert's Retro
UCDqov5THnmr0KX3f1FeK0Uw,http://www.youtube.com/channel/UCDqov5THnmr0KX3f1FeK0Uw,Predictable Designs
UCE4xstUnu0YmkG-W9_PyYrQ,http://www.youtube.com/channel/UCE4xstUnu0YmkG-W9_PyYrQ,Usagi Electric
UCE5dIscvDxrb7CD5uiJJOiw,http://www.youtube.com/channel/UCE5dIscvDxrb7CD5uiJJOiw,Adrian's Digital Basement
UCEE9G4bpqOYzB61yBS6-OiA,http://www.youtube.com/channel/UCEE9G4bpqOYzB61yBS6-OiA,Zach of All Trades
UCEP2DpEVWYiGYIn2xMbeZ_A,http://www.youtube.com/channel/UCEP2DpEVWYiGYIn2xMbeZ_A,DigiKey Product Discovery
UCEmljlPb7XMAaipL4MwTCLQ,http://www.youtube.com/channel/UCEmljlPb7XMAaipL4MwTCLQ,Gareth Halfacree
UCEp20NgOZHmgWdbQdHSxgjw,http://www.youtube.com/channel/UCEp20NgOZHmgWdbQdHSxgjw,This Does Not Compute
UCF-tqqmlcJT5FtoUqYgxblQ,http://www.youtube.com/channel/UCF-tqqmlcJT5FtoUqYgxblQ,"RDKL, Inc."
UCFWbb0QkTUCGK-M6C5iHTOA,http://www.youtube.com/channel/UCFWbb0QkTUCGK-M6C5iHTOA,David Fricke
UCFb-PkD2ZbkX8NRYjtrJoBQ,http://www.youtube.com/channel/UCFb-PkD2ZbkX8NRYjtrJoBQ,bateskecom
UCFcYlNjwcvRDHLEMDS__YHg,http://www.youtube.com/channel/UCFcYlNjwcvRDHLEMDS__YHg,Uni-Byte
UCFoAscZbrSdzsBXwvtEkLLw,http://www.youtube.com/channel/UCFoAscZbrSdzsBXwvtEkLLw,How Do You? DIY
UCG7yIWtVwcENg_ZS-nahg5g,http://www.youtube.com/channel/UCG7yIWtVwcENg_ZS-nahg5g,CNLohr
UCG9DaOF5SGutmI0TKjw-3Zw,http://www.youtube.com/channel/UCG9DaOF5SGutmI0TKjw-3Zw,Reboot Retro
UCGQuXdHRdXmy-jeRDdtetTg,http://www.youtube.com/channel/UCGQuXdHRdXmy-jeRDdtetTg,DrMattRegan
UCGq2pWA53ESmHXgU8A8ka9g,http://www.youtube.com/channel/UCGq2pWA53ESmHXgU8A8ka9g,Travel Tales & Trails
UCHBMHMyBGE3KVjhZDczF4rw,http://www.youtube.com/channel/UCHBMHMyBGE3KVjhZDczF4rw,Chandler Kl√ºser
UCHTenUL0dQwHiOtFFsbkeFQ,http://www.youtube.com/channel/UCHTenUL0dQwHiOtFFsbkeFQ,Kayla Diane Capps
UCHb7nqRBKoJzcWGvZ3fqlyw,http://www.youtube.com/channel/UCHb7nqRBKoJzcWGvZ3fqlyw,Kari
UCHbx9IUW7eCeJsC4sBCTNBA,http://www.youtube.com/channel/UCHbx9IUW7eCeJsC4sBCTNBA,iFixit
UCIrF8n1pHjQHPN_pmVdJYpg,http://www.youtube.com/channel/UCIrF8n1pHjQHPN_pmVdJYpg,Fancy E Studio
UCJLm50AC_Z7gGnENw7vUrtA,http://www.youtube.com/channel/UCJLm50AC_Z7gGnENw7vUrtA,Time Rift Arcade
UCJXa3_WNNmIpewOtCHf3B0g,http://www.youtube.com/channel/UCJXa3_WNNmIpewOtCHf3B0g,LaurieWired
UCJd7AlM-PULP61-2NCovIuA,http://www.youtube.com/channel/UCJd7AlM-PULP61-2NCovIuA,Thomas Andrews - Amiga of Rochester
UCKcBTy75lZA5S0N_CkMkjQQ,http://www.youtube.com/channel/UCKcBTy75lZA5S0N_CkMkjQQ,filip kostovski
UCKhTar8KGR3DL8BdZc-PosQ,http://www.youtube.com/channel/UCKhTar8KGR3DL8BdZc-PosQ,Another Boring Topic
UCKnlyAJAfPfJ4nGh-2ocpAQ,http://www.youtube.com/channel/UCKnlyAJAfPfJ4nGh-2ocpAQ,101 Things
UCKvf78leP28MNyv075u_ymw,http://www.youtube.com/channel/UCKvf78leP28MNyv075u_ymw,Walter Miraglia
UCLLWpO2Ae3Vy3WhV1jPeZ4Q,http://www.youtube.com/channel/UCLLWpO2Ae3Vy3WhV1jPeZ4Q,hdydiy
UCLx053rWZxCiYWsBETgdKrQ,http://www.youtube.com/channel/UCLx053rWZxCiYWsBETgdKrQ,LGR
UCMX47a_aT7tujbsiD5iD70Q,http://www.youtube.com/channel/UCMX47a_aT7tujbsiD5iD70Q,Dr Jon EA Ltd
UCMf49SMPnhxdLormhEpfyfg,http://www.youtube.com/channel/UCMf49SMPnhxdLormhEpfyfg,Stephen Hawes
UCMiC9bSMux7i2Ds6sIqDaFg,http://www.youtube.com/channel/UCMiC9bSMux7i2Ds6sIqDaFg,SDG Electronics
UCMiyV_Ib77XLpzHPQH_q0qQ,http://www.youtube.com/channel/UCMiyV_Ib77XLpzHPQH_q0qQ,Veronica Explains
UCNX2L8_enbRUAb8zKaR2KzQ,http://www.youtube.com/channel/UCNX2L8_enbRUAb8zKaR2KzQ,Foenix Retro Systems
UCN_u47_wJuhh249H9E8sjtw,http://www.youtube.com/channel/UCN_u47_wJuhh249H9E8sjtw,Retro Hack Shack
UCNzszbnvQeFzObW0ghk0Ckw,http://www.youtube.com/channel/UCNzszbnvQeFzObW0ghk0Ckw,Dave's Garage
UCORX3Cl7ByidjEgzSCgv9Yw,http://www.youtube.com/channel/UCORX3Cl7ByidjEgzSCgv9Yw,Anastasi In Tech
UCOfam1glqK75M8tQKc5R2wA,http://www.youtube.com/channel/UCOfam1glqK75M8tQKc5R2wA,Greg Ewing
UCP9JGezCRzYpZXunKXl1wWg,http://www.youtube.com/channel/UCP9JGezCRzYpZXunKXl1wWg,todbot
UCQ6fPy9wr7qnMxAbFOGBaLw,http://www.youtube.com/channel/UCQ6fPy9wr7qnMxAbFOGBaLw,Computer Clan
UCQ9qxInZTJznj3O18qymalQ,http://www.youtube.com/channel/UCQ9qxInZTJznj3O18qymalQ,Christopher's Factory
UCQZkWBdIi24VkVjgd5znSkQ,http://www.youtube.com/channel/UCQZkWBdIi24VkVjgd5znSkQ,MOSFET
UCQfz5HHag6Kki5PS8tixLJA,http://www.youtube.com/channel/UCQfz5HHag6Kki5PS8tixLJA,Retro Starship
UCQiw8_NHQqAoXwpq_mv4zqQ,http://www.youtube.com/channel/UCQiw8_NHQqAoXwpq_mv4zqQ,James (DrMiaow)
UCR-DXc1voovS8nhAvccRZhg,http://www.youtube.com/channel/UCR-DXc1voovS8nhAvccRZhg,Jeff Geerling
UCRG_N2uO405WO4P3Ruef9NA,http://www.youtube.com/channel/UCRG_N2uO405WO4P3Ruef9NA,The Friday Checkout
UCRRtpAUcuidH_9_vT_hBkFg,http://www.youtube.com/channel/UCRRtpAUcuidH_9_vT_hBkFg,Life with David
UCRjSO-juFtngAeJGJRMdIZw,http://www.youtube.com/channel/UCRjSO-juFtngAeJGJRMdIZw,Gary Explains
UCRrLVS4hbUrs6iSLxlnjlhQ,http://www.youtube.com/channel/UCRrLVS4hbUrs6iSLxlnjlhQ,Roy Edmund Antaw
UCS-WzPVpAAli-1IfEG2lN8A,http://www.youtube.com/channel/UCS-WzPVpAAli-1IfEG2lN8A,Michael MJD
UCS6wGHldCdaA1mtfXWHJ8yA,http://www.youtube.com/channel/UCS6wGHldCdaA1mtfXWHJ8yA,iketsj
UCSMHo6lJQKZ6z8O3w00Lwnw,http://www.youtube.com/channel/UCSMHo6lJQKZ6z8O3w00Lwnw,spidermaf
UCSju5G2aFaWMqn-_0YBtq5A,http://www.youtube.com/channel/UCSju5G2aFaWMqn-_0YBtq5A,Stand-up Maths
UCSksodwjNeOQ3Oywr1G4Nag,http://www.youtube.com/channel/UCSksodwjNeOQ3Oywr1G4Nag,Engineezy
UCTLDbr7fXm6Rh17OFIAEeDg,http://www.youtube.com/channel/UCTLDbr7fXm6Rh17OFIAEeDg,Science Fiction with Damien Walter
UCUQo7nzH1sXVpzL92VesANw,http://www.youtube.com/channel/UCUQo7nzH1sXVpzL92VesANw,DIY Perks
UCUW49KGPezggFi0PGyDvcvg,http://www.youtube.com/channel/UCUW49KGPezggFi0PGyDvcvg,Zack Freedman
UCUxIu91gGsK9Q0tTcQM8iNw,http://www.youtube.com/channel/UCUxIu91gGsK9Q0tTcQM8iNw,abe's projects
UCVLMqYurvS0S5qZE9C9JgKQ,http://www.youtube.com/channel/UCVLMqYurvS0S5qZE9C9JgKQ,Zero64
UCVcOsUBmH4hzVSnmJA_i5SA,http://www.youtube.com/channel/UCVcOsUBmH4hzVSnmJA_i5SA,EDISON SCIENCE CORNER
UCVtMjZOOSio79r760z0-8Aw,http://www.youtube.com/channel/UCVtMjZOOSio79r760z0-8Aw,Giovanni V
UCVyWWGuddYI6n7M9cKHA2EA,http://www.youtube.com/channel/UCVyWWGuddYI6n7M9cKHA2EA,Andonstar
UCW-HHEyt67RhZ6q21n4p2zQ,http://www.youtube.com/channel/UCW-HHEyt67RhZ6q21n4p2zQ,Mac84
UCW2VSkITcl62AJD5p9UxEAg,http://www.youtube.com/channel/UCW2VSkITcl62AJD5p9UxEAg,wrongdog reckons
UCW8-pJyPdYAdubad1veFB3A,http://www.youtube.com/channel/UCW8-pJyPdYAdubad1veFB3A,Wesley Treat
UCW9CXYyHdzI0w8icz4gHi3g,http://www.youtube.com/channel/UCW9CXYyHdzI0w8icz4gHi3g,Cloud Computing Insider
UCWihlGXWuyJbjP5vjzD03Rw,http://www.youtube.com/channel/UCWihlGXWuyJbjP5vjzD03Rw,The Retro Desk
UCXYQcMpUBT3aaQKfmAVJNow,http://www.youtube.com/channel/UCXYQcMpUBT3aaQKfmAVJNow,Slu4
UCXnNibvR_YIdyPs8PZIBoEw,http://www.youtube.com/channel/UCXnNibvR_YIdyPs8PZIBoEw,Cathode Ray Dude - CRD
UCXos8STKdXSuoDKDIDkcfTg,http://www.youtube.com/channel/UCXos8STKdXSuoDKDIDkcfTg,Eric Wang
UCXowYNsDbcHytQT18TyXv2g,http://www.youtube.com/channel/UCXowYNsDbcHytQT18TyXv2g,Harry K
UCXwjZTvpFiBl93ACCUh1NXQ,http://www.youtube.com/channel/UCXwjZTvpFiBl93ACCUh1NXQ,Cody Engel
UCXy8pDuiwZoY8_bNISGQ_Cw,http://www.youtube.com/channel/UCXy8pDuiwZoY8_bNISGQ_Cw,Branchus Creations
UCZKdfneLKfx7kp64a8Ks2Yg,http://www.youtube.com/channel/UCZKdfneLKfx7kp64a8Ks2Yg,Techno Tim Tinkers
UCZOJ-6vX1O65fEBgDHKWNBA,http://www.youtube.com/channel/UCZOJ-6vX1O65fEBgDHKWNBA,Ashraf Atteya
UC_3urRDzQbfOh2eh1fYfnLQ,http://www.youtube.com/channel/UC_3urRDzQbfOh2eh1fYfnLQ,Combo Class
UC_iUeUzozCHEReJ-shKcCYA,http://www.youtube.com/channel/UC_iUeUzozCHEReJ-shKcCYA,Internet Anarchist
UCbJmpGyutglIauFO4M836gA,http://www.youtube.com/channel/UCbJmpGyutglIauFO4M836gA,dmg - (formerly Definitive Mac Upgrade Guide)
UCbd-QOxzNKQifQfSuaH5I0A,http://www.youtube.com/channel/UCbd-QOxzNKQifQfSuaH5I0A,JackConteExtras
UCbi3ei431gvBpgZ3R-_Wk5Q,http://www.youtube.com/channel/UCbi3ei431gvBpgZ3R-_Wk5Q,Every Flavor of Robot
UCbiGcwDWZjz05njNPrJU7jA,http://www.youtube.com/channel/UCbiGcwDWZjz05njNPrJU7jA,ExplainingComputers
UCbtwi4wK1YXd9AyV_4UcE6g,http://www.youtube.com/channel/UCbtwi4wK1YXd9AyV_4UcE6g,Adrian's Digital Basement ][
UCcCYTCDxsMl84_btikjY40Q,http://www.youtube.com/channel/UCcCYTCDxsMl84_btikjY40Q,Work From Hype
UCclJCqMDAkyVGsm5oFOTXIQ,http://www.youtube.com/channel/UCclJCqMDAkyVGsm5oFOTXIQ,DigiKey
UCczrknZRrp6lLEAktzI_Tpw,http://www.youtube.com/channel/UCczrknZRrp6lLEAktzI_Tpw,Micah Tilton
UCd6vEDS3SOhWbXZrxbrf_bw,http://www.youtube.com/channel/UCd6vEDS3SOhWbXZrxbrf_bw,SAMTIME
UCd8CdLp2bKP6Uv0jvdLdiRA,http://www.youtube.com/channel/UCd8CdLp2bKP6Uv0jvdLdiRA,KainkaLabs
UCdgUN8rX3SEb9L7FDub3I6A,http://www.youtube.com/channel/UCdgUN8rX3SEb9L7FDub3I6A,Design Theory
UCdxoFO48QArrK3GEuJI_E6A,http://www.youtube.com/channel/UCdxoFO48QArrK3GEuJI_E6A,David Kempton
UCe7aGwKsc40TYqDJfjggeKg,http://www.youtube.com/channel/UCe7aGwKsc40TYqDJfjggeKg,ctrl-alt-rees
UCeEf90AEmmxaQs5BUkHqR3Q,http://www.youtube.com/channel/UCeEf90AEmmxaQs5BUkHqR3Q,mitxela
UCeMbZC8Uv9uJArqFQnFCDNQ,http://www.youtube.com/channel/UCeMbZC8Uv9uJArqFQnFCDNQ,Hans Rosenberg
UCeRXQ_B5WZD3yjPly45myvg,http://www.youtube.com/channel/UCeRXQ_B5WZD3yjPly45myvg,James Sharman
UCedbLDW19pFwwidZ5NVzmNg,http://www.youtube.com/channel/UCedbLDW19pFwwidZ5NVzmNg,Magnus Wedmark
UCerEIdrEW-IqwvlH8lTQUJQ,http://www.youtube.com/channel/UCerEIdrEW-IqwvlH8lTQUJQ,Tech Tangents
UCfYfK0tzHZTpNFrc_NDKfTA,http://www.youtube.com/channel/UCfYfK0tzHZTpNFrc_NDKfTA,Paul McWhorter
UCfiw2tftrvcjR2tpC_E3zFA,http://www.youtube.com/channel/UCfiw2tftrvcjR2tpC_E3zFA,How 2 Pixel
UCftUpOO4h9EgH0eDOZtjzcA,http://www.youtube.com/channel/UCftUpOO4h9EgH0eDOZtjzcA,Jan Beta
UCfzZNuoHys1t-AdwYDhOz8g,http://www.youtube.com/channel/UCfzZNuoHys1t-AdwYDhOz8g,The Byte Attic B.V.
UCgCwMWXyL1ls9tyK890Ft9A,http://www.youtube.com/channel/UCgCwMWXyL1ls9tyK890Ft9A,It's Poppin' - Pop Up Camping
UCgPO3GDbGH8HL6cjXqfCS-Q,http://www.youtube.com/channel/UCgPO3GDbGH8HL6cjXqfCS-Q,Jay Campbell
UCgdTVe88YVSrOZ9qKumhULQ,http://www.youtube.com/channel/UCgdTVe88YVSrOZ9qKumhULQ,Hardware Haven
UCgeStlUnitobx8QcSxTw2aQ,http://www.youtube.com/channel/UCgeStlUnitobx8QcSxTw2aQ,Ben Heck Hacks
UChtY6O8Ahw2cz05PS2GhUbg,http://www.youtube.com/channel/UChtY6O8Ahw2cz05PS2GhUbg,Make:
UChturLXwYxwTOf_5krs0qvA,http://www.youtube.com/channel/UChturLXwYxwTOf_5krs0qvA,element14 presents
UCiCXrJZey6S0bly1YDppgkQ,http://www.youtube.com/channel/UCiCXrJZey6S0bly1YDppgkQ,Brandon Pelfrey
UCiWjiArU0QUquJaDUDW-3Uw,http://www.youtube.com/channel/UCiWjiArU0QUquJaDUDW-3Uw,RETRO is the new black (Wolfgang Kierdorf)
UCiczXOhGpvoQGhOL16EZiTg,http://www.youtube.com/channel/UCiczXOhGpvoQGhOL16EZiTg,CNC Kitchen
UCit2rVgOvhyuAD-VH5H_IHg,http://www.youtube.com/channel/UCit2rVgOvhyuAD-VH5H_IHg,Volos Projects
UCj1VqrHhDte54oLgPG4xpuQ,http://www.youtube.com/channel/UCj1VqrHhDte54oLgPG4xpuQ,Stuff Made Here
UCjFaPUcJU1vwk193mnW_w1w,http://www.youtube.com/channel/UCjFaPUcJU1vwk193mnW_w1w,Modern Vintage Gamer
UCjHeH4pdjBfK-EBdpa00lvw,http://www.youtube.com/channel/UCjHeH4pdjBfK-EBdpa00lvw,Public Domain Music & Film
UCjZL1Xg3qitnSqxuImoox7g,http://www.youtube.com/channel/UCjZL1Xg3qitnSqxuImoox7g,AI Master Group
UCjdHbo8_vh3rxQ-875XGkvw,http://www.youtube.com/channel/UCjdHbo8_vh3rxQ-875XGkvw,3DSage
UCjiVhIvGmRZixSzupD0sS9Q,http://www.youtube.com/channel/UCjiVhIvGmRZixSzupD0sS9Q,Electronoobs
UCjv39qvjuOh5xT4SuwQXf7g,http://www.youtube.com/channel/UCjv39qvjuOh5xT4SuwQXf7g,Amateur Tinkering
UCk1Cw-tEYdSm5S7VRkVwqJg,http://www.youtube.com/channel/UCk1Cw-tEYdSm5S7VRkVwqJg,robertleemeyer
UCkdhpbmZ_82c_IEz_0RKg6g,http://www.youtube.com/channel/UCkdhpbmZ_82c_IEz_0RKg6g,Sparks and Code
UCkxlyeNyQUnMufJgMHB6VxA,http://www.youtube.com/channel/UCkxlyeNyQUnMufJgMHB6VxA,BYOK
UClRwC5Vc8HrB6vGx6Ti-lhA,http://www.youtube.com/channel/UClRwC5Vc8HrB6vGx6Ti-lhA,Technology Connextras
UClS6E2qjk2DkxRCZ1xU0VXA,http://www.youtube.com/channel/UClS6E2qjk2DkxRCZ1xU0VXA,What's Ken Making
UCmyGZ0689ODyReHw3rsKLtQ,http://www.youtube.com/channel/UCmyGZ0689ODyReHw3rsKLtQ,Michael Tunnell
UCn6Zl_0Lx3dNcXb0kJ8hwgA,http://www.youtube.com/channel/UCn6Zl_0Lx3dNcXb0kJ8hwgA,Vintage Geek
UCnIMTtvED4QP1FN4JhydMiw,http://www.youtube.com/channel/UCnIMTtvED4QP1FN4JhydMiw,Platima Tinkers
UCnJDRzvbcb-iHHqR77sbtaA,http://www.youtube.com/channel/UCnJDRzvbcb-iHHqR77sbtaA,think deep
UCnnU_HGvTr8ewpqvHe2llDw,http://www.youtube.com/channel/UCnnU_HGvTr8ewpqvHe2llDw,The Last Outpost Workshop
UCoL8olX-259lS1N6QPyP4IQ,http://www.youtube.com/channel/UCoL8olX-259lS1N6QPyP4IQ,Action Retro
UCoXhsF0HA95wnmJdLhIh1FA,http://www.youtube.com/channel/UCoXhsF0HA95wnmJdLhIh1FA,Êô¥ÂÆ∂ÂÆ∂
UCoi3Uk6JtP9QgA5BRwnh6NQ,http://www.youtube.com/channel/UCoi3Uk6JtP9QgA5BRwnh6NQ,GregsGadgets
UCpE2y-xhWomGFPZ_rz8X7iA,http://www.youtube.com/channel/UCpE2y-xhWomGFPZ_rz8X7iA,Aaron Eiche
UCpJm53TsHOItPdfH87i7_7A,http://www.youtube.com/channel/UCpJm53TsHOItPdfH87i7_7A,TheGeekPub
UCpUL2WuDjVPWh9RMTp9Y9ww,http://www.youtube.com/channel/UCpUL2WuDjVPWh9RMTp9Y9ww,Benjamin Lee
UCpX15L435CyFzS5SZqZyivA,http://www.youtube.com/channel/UCpX15L435CyFzS5SZqZyivA,Joseph Nunes
UCp_5PO66faM4dBFbFFBdPSQ,http://www.youtube.com/channel/UCp_5PO66faM4dBFbFFBdPSQ,bitluni
UCq2Dd8Yb6_D3MhUPobB7ZEg,http://www.youtube.com/channel/UCq2Dd8Yb6_D3MhUPobB7ZEg,caydengineer (Cayden Pierce)
UCqDbZac1bo_WEPau9c5R5WQ,http://www.youtube.com/channel/UCqDbZac1bo_WEPau9c5R5WQ,Cathode Ray Dude Gaiden
UCqqgU635lEWW2P74-NUka6w,http://www.youtube.com/channel/UCqqgU635lEWW2P74-NUka6w,tech 4tress
UCqttIwrJnXvgMwbRMye7Olw,http://www.youtube.com/channel/UCqttIwrJnXvgMwbRMye7Olw,Doug Wong
UCqxM9T6ksiOVKIkb88S2r7Q,http://www.youtube.com/channel/UCqxM9T6ksiOVKIkb88S2r7Q,Zac Builds
UCreb1OvO9sPSxUifRw7pvkw,http://www.youtube.com/channel/UCreb1OvO9sPSxUifRw7pvkw,SmashCatRandom
UCseUQK4kC3x2x543nHtGpzw,http://www.youtube.com/channel/UCseUQK4kC3x2x543nHtGpzw,Brian Will
UCshVweYiHqrepiq6b8tWvLQ,http://www.youtube.com/channel/UCshVweYiHqrepiq6b8tWvLQ,Janus Cycle
UCsnGwSIHyoYN0kiINAGUKxg,http://www.youtube.com/channel/UCsnGwSIHyoYN0kiINAGUKxg,Wolfgang's Channel
UCsrDZMfP9xvY374d8RMf2Kw,http://www.youtube.com/channel/UCsrDZMfP9xvY374d8RMf2Kw,Prohodaction
UCtD4kQwWnxeFe5t9wUA-adw,http://www.youtube.com/channel/UCtD4kQwWnxeFe5t9wUA-adw,abqlewis
UCtZO3K2p8mqFwiKWb9k7fXA,http://www.youtube.com/channel/UCtZO3K2p8mqFwiKWb9k7fXA,TechAltar
UCtZX_67hSjOIPu0HTmFi6aw,http://www.youtube.com/channel/UCtZX_67hSjOIPu0HTmFi6aw,Macintosh Librarian
UCtgHi_M3Utb9-wWdugRKf0A,http://www.youtube.com/channel/UCtgHi_M3Utb9-wWdugRKf0A,Nuno Santos
UCthTovmrZDmpehl6lMWm8Pw,http://www.youtube.com/channel/UCthTovmrZDmpehl6lMWm8Pw,Miroslav Nemecek
UCtmBjO6ftDwC9QNkVCfH3uw,http://www.youtube.com/channel/UCtmBjO6ftDwC9QNkVCfH3uw,NT Tronix
UCtscFf8VayggrDYjOwDke_Q,http://www.youtube.com/channel/UCtscFf8VayggrDYjOwDke_Q,Angela Collier 
UCu7_D0o48KbfhpEohoP7YSQ,http://www.youtube.com/channel/UCu7_D0o48KbfhpEohoP7YSQ,Andreas Spiess
UCu_sNgTzqhX0xXc02ufoTYg,http://www.youtube.com/channel/UCu_sNgTzqhX0xXc02ufoTYg,The Retro Shack
UCv1zwill3mShjNZkGfz0xHA,http://www.youtube.com/channel/UCv1zwill3mShjNZkGfz0xHA,Tim Shepherd
UCv6J_jJa8GJqFwQNgNrMuww,http://www.youtube.com/channel/UCv6J_jJa8GJqFwQNgNrMuww,ServeTheHome
UCvfTzrGE1VhDpxYnvqGQWQQ,http://www.youtube.com/channel/UCvfTzrGE1VhDpxYnvqGQWQQ,Doctor Volt
UCwO690Ba2x8YE980UQqnjXA,http://www.youtube.com/channel/UCwO690Ba2x8YE980UQqnjXA,Kevin Noki
UCwOfdlzktTTDuFyFODbA3yA,http://www.youtube.com/channel/UCwOfdlzktTTDuFyFODbA3yA,Udo Munk
UCwPdVunI5mD-dpuLogOawbw,http://www.youtube.com/channel/UCwPdVunI5mD-dpuLogOawbw,adumb
UCwY9B5_8QDGP8niZhBtTh8w,http://www.youtube.com/channel/UCwY9B5_8QDGP8niZhBtTh8w,TWiT Tech Podcast Network
UCwirLDXiN1ybgPyIDNt85PA,http://www.youtube.com/channel/UCwirLDXiN1ybgPyIDNt85PA,David Malawey
UCx8cJhU0hZljDzvW2SeTlaQ,http://www.youtube.com/channel/UCx8cJhU0hZljDzvW2SeTlaQ,Ten Minute Tokyo 2
UCy0tKL1T7wFoYcxCe0xjN6Q,http://www.youtube.com/channel/UCy0tKL1T7wFoYcxCe0xjN6Q,Technology Connections
UCzgA9CBrIXPtkB2yNTTiy1w,http://www.youtube.com/channel/UCzgA9CBrIXPtkB2yNTTiy1w,Level 2 Jeff
UCzml9bXoEM0itbcE96CB03w,http://www.youtube.com/channel/UCzml9bXoEM0itbcE96CB03w,DroneBot Workshop